{
    "uvs":[[-2.57921,0.000499606,3.57921,0.000499606,3.57921,0.9995,-2.57921,0.9995,-2.9418,0.000499606,3.9418,0.000499606,3.9418,0.9995,-2.9418,0.9995,-2.57921,-2.9418,3.57921,-2.9418,3.57921,3.9418,-2.57921,3.9418,3.5052,0.999501,0.323222,0.999501,0.323222,0.000499517,3.5052,0.000499517,3.5052,0.999501,0.676775,0.999501,0.676775,0.000499517,3.5052,0.000499517,0.676778,3.5052,-2.5052,0.323225,0.323222,-2.5052,3.5052,0.676775,-4.68319,0.000499576,1.24181,0.000499576,1.24181,0.9995,-4.68319,0.9995,-5.99284,0.000499576,1.45716,0.000499576,1.45716,0.9995,-5.99284,0.9995,-0.241811,0.000499576,5.68319,0.000499576,5.68319,0.9995,-0.241811,0.9995,-0.457158,0.000499576,6.99284,0.000499576,6.99284,0.9995,-0.457158,0.9995,-0.241811,-0.457156,5.68319,-0.457158,5.68319,6.99284,-0.241809,6.99284],[0.272891,0.239062,0.272891,0.740932,0.27286,0.740932,0.27286,0.239062,0.270521,0.072009,0.270521,0.740934,0.270491,0.740934,0.270491,0.072009,0.272101,0.239061,0.272101,0.740933,0.27207,0.740933,0.27207,0.239061,0.271311,0.072009,0.271311,0.740934,0.271281,0.740934,0.271281,0.072009,0.97808,0.447186,0.97808,0.949058,0.309156,0.949058,0.309156,0.447186,0.275229,0.740932,0.275229,0.516826,0.27526,0.516826,0.27526,0.740932,0.276019,0.740932,0.276019,0.557572,0.27605,0.557572,0.27605,0.740932,0.27365,0.378036,0.27365,0.15393,0.27368,0.15393,0.27368,0.378036,0.27444,0.378036,0.27444,0.194676,0.27447,0.194676,0.27447,0.378036,0.246028,0.949058,0.02192,0.949058,0.02192,0.765697,0.246028,0.765697,0.27447,0.378796,0.27447,0.740932,0.27444,0.740932,0.27444,0.378796,0.268942,0.0619137,0.268942,0.740933,0.268911,0.740933,0.268911,0.0619137,0.27368,0.378796,0.27368,0.740932,0.27365,0.740932,0.27365,0.378796,0.269732,0.0619139,0.269732,0.740933,0.269701,0.740933,0.269701,0.0619139,0.97808,0.02192,0.97808,0.384058,0.29906,0.384058,0.29906,0.02192]],
    "metadata":{
        "uvs":2,
        "generator":"io_three",
        "version":3,
        "materials":1,
        "type":"Geometry",
        "normals":9,
        "faces":62,
        "vertices":60
    },
    "materials":[{
        "mapDiffuse":"3d66Model-514591-64-99.jpg",
        "DbgName":"Mat3d66-514591-132-612",
        "mapLightAnisotropy":1,
        "mapNormalFactor":[0.042005,0.042005],
        "depthTest":true,
        "mapLightRepeat":[1,1],
        "visible":true,
        "doubleSided":false,
        "transparent":false,
        "mapNormalWrap":["repeat","repeat"],
        "mapLight":"m3VRayTotalLightingMap.jpg",
        "DbgIndex":0,
        "colorDiffuse":[0.4,0.4,0.4],
        "mapNormalAnisotropy":1,
        "mapLightWrap":["repeat","repeat"],
        "colorSpecular":[0.674534,0.674534,0.674534],
        "wireframe":false,
        "specularCoef":164,
        "depthWrite":true,
        "mapNormal":"3d66Model-514591-64-99.jpg",
        "opacity":1,
        "DbgColor":15658734,
        "mapNormalRepeat":[1,1],
        "shading":"phong",
        "mapDiffuseAnisotropy":1,
        "mapDiffuseWrap":["repeat","repeat"],
        "blending":"NormalBlending",
        "colorEmissive":[0,0,0],
        "mapDiffuseRepeat":[1,1]
    }],
    "faces":[42,29,24,25,0,0,1,2,0,1,2,0,1,0,42,29,25,27,0,0,2,3,0,2,3,0,0,1,42,1,30,31,0,4,5,6,4,5,6,2,2,2,42,1,31,26,0,4,6,7,4,6,7,2,2,2,42,2,33,34,0,0,1,2,8,9,10,3,4,3,42,2,34,32,0,0,2,3,8,10,11,3,3,4,42,3,0,28,0,4,5,6,12,13,14,5,6,5,42,3,28,35,0,4,6,7,12,14,15,5,5,6,42,6,7,4,0,8,9,10,16,17,18,7,7,7,42,5,6,4,0,11,8,10,19,16,18,7,7,7,42,36,38,40,0,12,13,14,20,21,22,1,1,1,42,40,41,36,0,14,15,12,22,23,20,1,1,1,42,42,37,9,0,16,17,18,24,25,26,2,2,2,42,9,44,42,0,18,19,16,26,27,24,2,2,2,42,45,43,10,0,12,13,14,28,29,30,4,4,4,42,10,47,45,0,14,15,12,30,31,28,4,4,4,42,39,46,11,0,16,17,18,32,33,34,5,6,5,42,11,8,39,0,18,19,16,34,35,32,5,6,5,42,12,13,14,0,20,21,22,36,37,38,7,7,7,42,14,15,12,0,22,23,20,38,39,36,7,7,7,42,53,48,49,0,24,25,26,40,41,42,1,1,1,42,53,49,51,0,24,26,27,40,42,43,1,1,1,42,17,54,55,0,28,29,30,44,45,46,8,2,8,42,17,55,50,0,28,30,31,44,46,47,8,8,2,42,18,57,58,0,32,33,34,48,49,50,4,4,4,42,18,58,56,0,32,34,35,48,50,51,4,4,4,42,19,16,52,0,36,37,38,52,53,54,6,6,6,42,19,52,59,0,36,38,39,52,54,55,6,6,6,42,22,23,20,0,40,41,42,56,57,58,7,7,7,42,21,22,20,0,43,40,42,59,56,58,7,7,7],
    "normals":[0,0,-0.999969,0,0,-1,-1,0,0,0,0,0.999969,0,0,1,0.999969,0,0,1,0,0,0,1,0,-0.999969,0,0],
    "vertices":[-737.391,-0.000106066,326.841,-5664.12,-0.000106066,326.841,-5664.12,0.000468016,6893.47,-737.391,0.000468016,6893.47,-737.391,0.299894,326.841,-5664.12,0.299894,326.841,-5664.12,0.300468,6893.47,-737.391,0.300468,6893.47,-4574.12,-0.000328124,-2213.16,-6774.12,-0.000328124,-2213.16,-6774.12,-0.000170752,-413.159,-4574.12,-0.000170752,-413.159,-4574.12,0.299672,-2213.16,-6774.12,0.299672,-2213.16,-6774.12,0.299829,-413.159,-4574.12,0.299829,-413.159,-819.125,-0.000736013,-6878.9,-4374.12,-0.000736013,-6878.9,-4374.12,-0.000153273,-213.159,-819.125,-0.000153273,-213.159,-819.125,0.299264,-6878.9,-4374.12,0.299264,-6878.9,-4374.12,0.299847,-213.159,-819.125,0.299847,-213.159,-5664.12,-0.000106066,326.841,-5664.12,0.299894,326.841,-5664.12,0.299894,326.841,-737.391,0.299894,326.841,-737.391,0.299894,326.841,-737.391,-0.000106066,326.841,-5664.12,0.000468016,6893.47,-5664.12,0.300468,6893.47,-5664.12,0.300468,6893.47,-737.391,0.000468016,6893.47,-737.391,0.300468,6893.47,-737.391,0.300468,6893.47,-6774.12,0.299672,-2213.16,-6774.12,0.299672,-2213.16,-4574.12,0.299672,-2213.16,-4574.12,0.299672,-2213.16,-4574.12,-0.000328124,-2213.16,-6774.12,-0.000328124,-2213.16,-6774.12,0.299829,-413.159,-6774.12,0.299829,-413.159,-6774.12,-0.000170752,-413.159,-4574.12,0.299829,-413.159,-4574.12,0.299829,-413.159,-4574.12,-0.000170752,-413.159,-4374.12,-0.000736013,-6878.9,-4374.12,0.299264,-6878.9,-4374.12,0.299264,-6878.9,-819.125,0.299264,-6878.9,-819.125,0.299264,-6878.9,-819.125,-0.000736013,-6878.9,-4374.12,-0.000153273,-213.159,-4374.12,0.299847,-213.159,-4374.12,0.299847,-213.159,-819.125,-0.000153273,-213.159,-819.125,0.299847,-213.159,-819.125,0.299847,-213.159]
}